{"IcoMoonType":"selection","icons":[{"icon":{"paths":["M256 256v128h512v-128h-512zM256 576h512v-128h-512v128zM256 768h512v-128h-512v128z"],"attrs":[{}],"isMulticolor":false,"isMulticolor2":false,"tags":["list","menu","dropdown","options"],"grid":32},"attrs":[{}],"properties":{"order":3,"id":0,"name":"menu","prevSize":32,"code":59648},"setIdx":0,"setId":2,"iconIdx":0}],"height":1024,"metadata":{"name":"icomoon"},"preferences":{"showGlyphs":true,"showQuickUse":true,"showQuickUse2":true,"showSVGs":true,"fontPref":{"prefix":"icon-","metadata":{"fontFamily":"icomoon"},"metrics":{"emSize":1024,"baseline":6.25,"whitespace":50},"embed":false},"imagePref":{"prefix":"icon-","png":true,"useClassSelector":true,"color":0,"bgColor":16777215,"classSelector":".icon"},"historySize":50,"showCodes":true,"gridSize":16}}